Game,Console,Until
A Bastard’s Tale,Check,Check
A Boy and His Blob,Check,Check
ABZU,Check,Check
Aces of the Luftwaffe,Check,Check
Act It Out! A Game Of Charades,Check,Check
Active Soccer 2 DX,Check,Check
Adam’s Venture: Origins,Check,Check
ADR1FT,Check,Check
Adventure Time: Pirates of the Enchiridion,Check,Check
Aegis of Earth: Protonovus Assault,Check,Check
Agatha Christie - The ABC Murders,Check,Check
Air Conflicts - Secret Wars,Check,Check
Air Conflicts: Pacific Carriers,Check,Check
Air Conflicts: Vietnam,Check,Check
Air Conflicts: Vietnam Ultimate Edition,Check,Check
AKIBA'S BEAT,Check,Check
Akiba's Trip: Undead and Undressed,Check,Check
Alchemic Jousts,Check,Check
Alex Kidd in Miracle World,Check,Check
Alienation,Check,Check
Alien Rage,Check,Check
Alien Spidy,Check,Check
All Zombies Must Die!,Check,Check
Alone in the Dark: Inferno,Check,Check
Altered Beast,Check,Check
Amazing Discoveries in Outer Space,Check,Check
Anarchy: Rush Hour,Check,Check
Anna Extended Edition,Check,Check
Anodyne,Check,Check
Anomaly 2,Check,Check
Anomaly Warzone Earth,Check,Check
Another World: 20th Anniversary Edition,Check,Check
APB Reloaded,Check,Check
Ape Escape 2,Check,Check
Aqua Panic!,Check,Check
Ar Nosurge: Ode to an Unborn Star,Check,Check
Aragami,Check,Check
Arc the Lad: Twilight of the Spirits,Check,Check
Arcana Heart 3,Check,Check
Arcana Heart 3: Love Max!!!,Check,Check
ArcaniA - The Complete Tale,Check,Check
Armageddon Riders,Check,Check
Asdivine Hearts,Check,Check
Assault Suit Leynos,Check,Check
Assetto Corsa,Check,Check
Asura's Wrath,Check,Check
Atari Flashback Classics Vol 1,Check,Check
Atari Flashback Classics Vol 2,Check,Check
Atelier Ayesha,Check,Check
Atelier Escha & Logy,Check,Check
Atelier Rorona Plus,Check,Check
Atelier Shallie: Alchemists of the Dusk Sea,Check,Check
Azkend 2,Check,Check
Back to Bed,Check,Check
Backgammon Blitz,Check,Check
Bard’s Gold,Check,Check
Baja: Edge of Control,Check,Check
Bang Bang Racing,Check,Check
Baseball Riot,Check,Check
Batman: Arkam Asylum,Check,Check
Batman: Arkham City,Check,Check
Batman: Arkham Knight,Check,Check
Batman: Arkham Origins,Check,Check
Battalion Commander,Check,Check
Battle Chasers: Nightwar,Check,Check
Battle Fantasia,Check,Check
BATTLE OF TILES EX,Check,Check
Battle Princess of Arcadias,Check,Check
Battle Worlds: Kronos,Check,Check
Battlefield 4,Check,Check
Battlefield Hardline,Check,Check
Bellator MMA Onslaught,Check,Check
Ben 10,Check,Check
Bentley's Hackpack,Check,Check
BEYOND: Two Souls with Advanced Experiments DLC,Check,Check
Big Sky: Infinity,Check,Check
Bionic Commando: Rearmed,Check,Check
Bionic Commando: Rearmed 2,Check,Check
Bioshock,Check,Check
BioShock 2,Check,Check
BioShock Infinite,Check,Check
BIT.TRIP Presents... Runner2: Future Legend of Rhythm Alien,Check,Check
Black Knight Sword,Check,Check
Black Mirror,Check,Check
Bladestorm: Nightmare,Check,Check
Bladestorm: The Hundred Years War,Check,Check
BlazBlue: Calamity Trigger,Check,Check
BlazBlue: Central Fiction,Check,Check
BlazBlue: Chrono Phantasma,Check,Check
BlazBlue: Chrono Phantasma EXTEND,Check,Check
BlazBlue: Continuum Shift Extend,Check,Check
BlazeRush,Check,Check
Bloodborne,Check,Check
Blood Bowl 2,Check,Check
Blood Knights,Check,Check
BloodRayne: Betryal,Check,Check
Bodycount,Check,Check
Bokosuka Wars II,Check,Check
Bolt,Check,Check
Bomberman Ultra,Check,Check
Bombing Busters,Check,Check
Borderlands: The Handsome Collection,Check,Check
Borderlands: Ultimate Edition,Check,Check
Bound,Check,Check
Bound by Flame,Check,Check
Braid,Check,Check
Brave,Check,Check
Brawlout,Check,Check
Brick Breaker,Check,Check
Bridge Constructor,Check,Check
Brink,Check,Check
Broken Age,Check,Check
Brothers: A Tale of Two Sons,Check,Check
BRUT@L,Check,Check
Bubsy: The Woolies Strike Back,Check,Check
Burn Zombie Burn: The Diarrhea Bundle,Check,Check
Capcom Arcade Cabinet: All-in-One-Pack,Check,Check
Carmageddon: Max Damage,Check,Check
Cars 2: The Video Game,Check,Check
Cars Race-O-Rama,Check,Check
Cars: Mater-National Championship,Check,Check
Cartoon Network Battle Crashers,Check,Check
Castle Invasion: Throne Out,Check,Check
Castlevania Harmony of Despair,Check,Check
Castlevania Lords of Shadow,Check,Check
Castlevania Lords of Shadow - Mirror of Fate HD,Check,Check
Castlevania Lords of Shadow 2,Check,Check
Catherine,Check,Check
Cel Damage HD,Check,Check
Champion Jockey: G1 Jockey & Gallop Racer,Check,Check
Chess Ultra,Check,Check
Chime Super Deluxe,Check,Check
Choplifter HD,Check,Check
Chronicles of Teddy: Harmony of Exidus,Check,Check
Cities: Skylines,Check,Check
Class of Heroes 2G,Check,Check
Clockwork Tales: Of Glass and Ink,Check,Check
Clouds & Sheep 2,Check,Check
Comet Crash Bionic Bundle,Check,Check
Comix Zone,Check,Check
Control,Check,Check
Costume Quest 2,Check,Check
Counter Spy,Check,Check
Crash Commando,Check,Check
Crazy Taxi,Check,Check
Crimsonland,Check,Check
Critter Crunch,Check,Check
Croixleur Sigma,Check,Check
Cuboid Ultimate Bundle,Check,Check
Damnation,Check,Check
Dandara,Check,Check
Danger Zone,Check,Check
Dangerous Golf,Check,Check
DARK ARCANA: THE CARNIVAL,Check,Check
Dark Cloud,Check,Check
Dark Cloud 2,Check,Check
Dark Rose Valkyrie,Check,Check
Dark Sector,Check,Check
Dark Void,Check,Check
Darksiders: Warmastered Edition,Check,Check
Darksiders II Deathfinitive Edition,Check,Check
Darkstalkers Resurrection,Check,Check
Desert Child,Check,Check
Day of the Tentacle Remastered,Check,Check
de Blob,Check,Check
de Blob 2,Check,Check
Dead Island: Definitive Edition,Check,Check
Dead Island Retro Revenge,Check,Check
Dead Island Riptide,Check,Check
Dead Nation: Apocalypse Edition,Check,Check
Dead or Alive 5: Last Round (new),Check,Check
Dead Space 3,Check,Check
Dead to Rights: Retribution,Check,Check
Deadlight Director's Cut,Check,Check
Death Track: Resurrection,Check,Check
Deadliest Warrior: Legends,Check,Check
Deadliest Warrior: The Game,Check,Check
Deception: Nightmare Princess IV,Check,Check
Deception IV: Blood Ties,Check,Check
Defense Grid 2,Check,Check
Derrick the Deathfin,Check,Check
Destroy All Humans!,Check,Check
Destroy All Humans! 2,Check,Check
detuned,Check,Check
Devil May Cry 4,Check,Check
Devil May Cry HD Collection,Check,Check
DiRT 4,Check,Check
DiRT Rally,Check,Check
Disgaea 3: Absence of Justice,Check,Check
Disgaea 4: A Promise Unforgotten,Check,Check
Disgaea 5: Alliance of Vengeance,Check,Check
Disgaea D2: A Brighter Darkness,Check,Check
Dishonored,Check,Check
Disney Universe,Check,Check
Disney's Epic Mickey 2,Check,Check
Divekick,Check,Check
Doc Clock: The Toasted Sandwich of Time,Check,Check
Dogfight 1942,Check,Check
Doki-Doki Universe,Check,Check
Don Bradman Cricket 14,Check,Check
Doom,Check,Check
Double Dragon Neon,Check,Check
Dragon Fin Soup,Check,Check
Dragon's Lair,Check,Check
Dragon's Lair II: Time Warp,Check,Check
Ducati – 90th Anniversary,Check,Check
Duke Nukem Forever,Check,Check
Dungeons 2,Check,Check
Dynamite Fishing World Games,Check,Check
Dynasty Warriors 6,Check,Check
Dynasty Warriors 6: Empires,Check,Check
Dynasty Warriors 7,Check,Check
Dynasty Warriors 7: Empires,Check,Check
Dynasty Warriors 7: Xtreme Legends,Check,Check
Dynasty Warriors 8,Check,Check
Dynasty Warriors 8 Xtreme Legends,Check,Check
Dynasty Warriors: Strikeforce,Check,Check
Earth Defense Force 4.1,Check,Check
Earth Defense Force 2025,Check,Check
Earth Defense Force: Insect Armaggedon,Check,Check
Eat Lead: The Return of Matt Hazard,Check,Check
Eat Them!,Check,Check
echochrome,Check,Check
Electronic Super Joy,Check,Check
Elefunk,Check,Check
Enemy Front,Check,Check
Enigmatis: The Ghosts of Maple Creek,Check,Check
Enslaved: Odyssey to the West,Check,Check
Entwined,Check,Check
Escape Dead Island,Check,Check
Escape Plan,Check,Check
Eternal Sonata,Check,Check
Ethan: Meteor Hunter,Check,Check
Eufloria,Check,Check
Everybody's Gone to the Rapture,Check,Check
Everyday Shooter,Check,Check
Exile’s End,Check,Check
Exist Archive: The Other Side of the Sky,Check,Check
Extreme Exorcism,Check,Check
Fairy Fencer F: Advent Dark Force,Check,Check
Fallout 4,Check,Check
Fantavision,Check,Check
F.E.A.R. (Campaign Mode),Check,Check
F1 2014,Check,Check
F1 2015,Check,Check
F1 2016,Check,Check
F1 2017,Check,Check
F1 2019 (new),Check,Check
F1 RACE STARS,Check,Check
Faery: Legends of Avalon,Check,Check
Fallout 3,Check,Check
Fallout New Vegas,Check,Check
Farming Simulator,Check,Check
Farming Simulator 19,Check,Check
Fighting Vipers,Check,Check
Final Exam,Check,Check
Final Fight: Double Impact,Check,Check
Firefighters: The Simulation,Check,Check
fLOW,Check,Check
Flower,Check,Check
Fluster Cluck,Check,Check
For Honor,Check,Check
Forestry 2017 - The Simulation,Check,Check
Frogger Returns,Check,Check
Fuel Overdose,Check,Check
G-Force,Check,Check
Galaga Legions DX,Check,Check
Gal*Gun: Double Peace,Check,Check
Garou: Mark of the Wolves,Check,Check
Gem Smashers,Check,Check
Get Even,Check,Check
Ghostbusters: Sanctum of Slime,Check,Check
Giana Sisters: Twisted Dreams,Check,Check
Go! Puzzle,Check,Check
God Eater Resurrection,Check,Check
God Eater 2: Rage Burst,Check,Check
God of War HD,Check,Check
God of War II,Check,Check
God Of War 3 Remastered,Check,Check
God of War: Ascension,Check,Check
God of War: Chains of Olympus,Check,Check
God of War: Ghosts of Sparta,Check,Check
Golden Axe,Check,Check
Goosebumps: The Game,Check,Check
GO! Sports Ski,Check,Check
Grand Ages: Medieval,Check,Check
Grand Kingdom,Check,Check
Gravity Crash,Check,Check
Gravity Rush 2,Check,Check
Gravity Rush Remastered,Check,Check
Greg Hastings Paintball 2,Check,Check
Grid 2,Check,Check
Grid Autosport,Check,Check
Grim Fandango Remastered,Check,Check
Guacamelee!,Check,Check
Guilty Gear Xrd -Revelator,Check,Check
Guilty Gear Xrd -SIGN-,Check,Check
Guilty Gear Xrd Rev 2,Check,Check
Hakuoki: Stories of the Shinsengumi,Check,Check
Hamilton's Great Adventure,Check,Check
Hamsterball,Check,Check
Handball 16,Check,Check
Hardware Rivals,Check,Check
Harvest Moon: A Wonderful Life Spec Ed,Check,Check
Harvest Moon: Save the Homeland,Check,Check
Heavenly Sword,Check,Check
Heavy Fire: Afghanistan,Check,Check
Heavy Fire: Shattered Spear,Check,Check
Heavy Rain - with The Taxidermist DLC,Check,Check
High Stakes on the Vegas Strip: Poker Edition,Check,Check
Hoard,Check,Check
Hohokum,Check,Check
Hollow Knight (new),Check,Check
Homefront,Check,Check
Homefront: The Revolution,Check,Check
Hot Shots Golf: Out of Bounds,Check,Check
Hot Shots Golf: World Invitational,Check,Check
Hot Shots Tennis,Check,Check
Hotel Transylvania 3 Monsters Overboard,Check,Check
How to Survive,Check,Check
Hunted: The Demon's Forge,Check,Check
Hunter’s Trophy 2: America,Check,Check
Hunter’s Trophy 2 : Australia,Check,Check
Hustle Kings,Check,Check
I Am Bread,Check,Check
ibb & obb,Check,Check
ICO,Check,Check
In Space We Brawl,Check,Check
Industry Giant 2,Check,Check
inFAMOUS,Check,Check
inFAMOUS 2,Check,Check
inFAMOUS: Festival Of Blood,Check,Check
Injustice: Gods Among Us,Check,Check
Inside My Radio,Check,Check
Interpol: The Trail of Dr. Chaos,Check,Check
Invizimals: The Lost Kingdom,Check,Check
Ironcast,Check,Check
Jeremy McGrath's Offroad,Check,Check
Jetpack Joyride Deluxe,Check,Check
Jimmie Johnson’s Anything with an Engine,Check,Check
Joe Danger 2: The Movie,Check,Check
Joe Dever's Lone Wolf,Check,Check
Journey,Check,Check
Judge Dee - The City God Case,Check,Check
Jumpjet Rex,Check,Check
Just Cause 4,Check,Check
Karateka,Check,Check
Katamari Forever,Check,Check
Killzone 2,Check,Check
Killzone 3,Check,Check
Killzone HD,Check,Check
Killzone Shadow Fall,Check,Check
Kinetica,Check,Check
King Oddball,Check,Check
Kingdom: New Lands,Check,Check
Knack,Check,Check
Knytt Underground,Check,Check
Kung Fu Rabbit,Check,Check
Last Tinker: City of Colors,Check,Check
Lead and Gold: Gangs of the Wild West,Check,Check
Legasista,Check,Check
Legend of Kay Anniversary,Check,Check
LEGO Batman: The Videogame,Check,Check
LEGO Batman 2: DC Super Heroes,Check,Check
LEGO Batman 3: Beyond Gotham,Check,Check
LEGO City Undercover,Check,Check
LEGO Harry Potter: Years 1-4,Check,Check
LEGO Harry Potter: Years 5-7,Check,Check
LEGO Indiana Jones: The Original Adventures,Check,Check
LEGO Indiana Jones: The Adventure Continues,Check,Check
LEGO Ninjago Movie Videogame,Check,Check
LEGO Pirates of the Caribbean,Check,Check
LEGO Star Wars: The Complete Saga,Check,Check
LEGO Star Wars 3: The Clone Wars,Check,Check
LEGO Worlds,Check,Check
Lemmings,Check,Check
Leo's Fortune,Check,Check
Limbo,Check,Check
Linger in Shadows,Check,Check
LittleBigPlanet 3,Check,Check
Lock’s Quest,Check,Check
LocoRoco Cocoreccho!,Check,Check
LocoRoco Remastered,Check,Check
Lone Survivor: The Director's Cut,Check,Check
Lords of the Fallen,Check,Check
Lost Planet 2,Check,Check
Lost Planet 3,Check,Check
Lost Planet: Extreme Edition,Check,Check
Lost Sea,Check,Check
Lovely Planet,Check,Check
LUMINES Supernova,Check,Check
Machinarium,Check,Check
Mafia II,Check,Check
Mafia III,Check,Check
Magic Orbz,Check,Check
Magicka 2,Check,Check
Magus,Check,Check
Mahjong Tales™: Ancient Wisdom,Check,Check
Majin and the Forsaken Kingdom,Check,Check
Mantis Burn Racing,Check,Check
Mamorukun Curse!,Check,Check
Mars: War Logs,Check,Check
Marvel Puzzle Quest: Dark Reign,Check,Check
Marvel's Spider-Man,Check,Check
Mastercube,Check,Check
Matt Hazard: Blood Bath & Beyond,Check,Check
Mega Man 9,Check,Check
Mega Man 10,Check,Check
Megadimension Neptunia VII,Check,Check
Metal Gear Rising Revengeance UE,Check,Check
Metal Gear Solid HD Collection,Check,Check
Metal Gear Solid V: Ground Zeroes,Check,Check
Metal Gear Solid V: The Phantom Pain,Check,Check
Metal Slug 3,Check,Check
Metro: Last Light – Complete Edition,Check,Check
Metro Last Light Redux,Check,Check
Middle-earth: Shadow of Mordor,Check,Check
Mighty No. 9,Check,Check
Miko Gakkou Monogatari: Kaede Episode,Check,Check
Minutes,Check,Check
Mirror’s Edge,Check,Check
Mitsurugi Kamui Hikae,Check,Check
Momonga Pinball Adventures,Check,Check
Monkey Island: Special Edition,Check,Check
Monkey Island 2: Special Edition,Check,Check
Monster Energy Supercross - The Official Videogame,Check,Check
Mordheim - City of the Damned,Check,Check
Mortal Kombat,Check,Check
Moto GP 13,Check,Check
MotoGP 17,Check,Check
Moto Racer 4,Check,Check
Motorcycle Club,Check,Check
Motorstorm RC Complete Edition,Check,Check
MotorStorm: Apocalypse,Check,Check
Mount & Blade: Warband,Check,Check
MouseCraft,Check,Check
Mudrunner,Check,Check
MX vs. ATV Alive,Check,Check
MX vs. ATV Reflex,Check,Check
MX vs ATV Supercross Encore,Check,Check
MX vs. ATV: Untamed,Check,Check
MXGP 2 - The Official Motocross Videogame,Check,Check
MXGP3 – The Official Motocross Videogame,Check,Check
Mystery Chronicle: One Way Heroics,Check,Check
Narco Terror,Check,Check
Nascar Heat 3 (new),Check,Check
Natural Doctrine,Check,Check
NBA 2K Playgrounds 2,Check,Check
NBA 2K18,Check,Check
Need for Speed Rivals,Check,Check
Neon Chrome,Check,Check
Neurovoider,Check,Check
Ni No Kuni: Wrath of the White Witch,Check,Check
Nidhogg,Check,Check
NIGHTMARES FROM THE DEEP 2: THE SIREN`S CALL,Check,Check
Nights Into Dreams,Check,Check
Nights of Azure (new),Check,Check
Nights of Azure 2: Bride of the New Moon (new),Check,Check
Ninja Gaiden 3,Check,Check
Ninja Gaiden 3: Razor's Edge,Check,Check
Ninja Gaiden Sigma,Check,Check
Ninja Gaiden Sigma 2,Check,Check
Nitro+ Blasterz: Heroines Infinite Duel,Check,Check
No Time to Explain,Check,Check
Nobunaga's Ambition: Sphere of Influence,Check,Check
Nom Nom Galaxy,Check,Check
NOVA-111,Check,Check
Numblast,Check,Check
Obliteracers,Check,Check
Oddworld: Stranger's Wrath HD,Check,Check
Okabu,Check,Check
Okage: Shadow King,Check,Check
OlliOlli,Check,Check
OlliOlli 2,Check,Check
Omega Quintet,Check,Check
One Upon Light,Check,Check
Onechanbara Z2: Chaos,Check,Check
Operation Flashpoint: Dragon Rising,Check,Check
Operation Flashpoint: Red River,Check,Check
Overcooked! 2 (new),Check,Check
Overlord 2,Check,Check
Overlord: Fellowship of Evil,Check,Check
Overlord: Raising Hell,Check,Check
Pac-Man Championship Edition 2,Check,Check
PAC-MAN Championship Edition DX,Check,Check
Payday 2,Check,Check
Painkiller: Hell & Damnation,Check,Check
Papo & Yo,Check,Check
Penny Arcade Adventures: On the Rain-Slick Precipice of Darkness: Episode 1,Check,Check
Penny Arcade Adventures: On the Rain-Slick Precipice of Darkness: Episode 2,Check,Check
Phineas and Ferb: Across the Second Dimension,Check,Check
PID (Peculiar Destination),Check,Check
Pillars of Eternity: Complete Edition,Check,Check
Pirates of the Caribbean: At World's End,Check,Check
Pixel Heroes: Byte & Magic,Check,Check
Pixel Piracy,Check,Check
PixelJunk Eden Encore,Check,Check
PixelJunk Monsters,Check,Check
PixelJunk Monsters Encore,Check,Check
PixelJunk Racers 2nd Lap,Check,Check
PixelJunk Shooter,Check,Check
PixelJunk Shooter 2,Check,Check
PixelJunk Shooter Ultimate,Check,Check
PixelJunk Sidescroller,Check,Check
Piyotama,Check,Check
Plague Road,Check,Check
Planet Minigolf,Check,Check
Planets Under Attack,Check,Check
PlayerUnknown's Battlegrounds,Check,Check
Poncho,Check,Check
Pool Nation,Check,Check
Port Royale 3: Gold,Check,Check
Prey,Check,Check
Primal,Check,Check
Professional Farmer 2017,Check,Check
Project Cars,Check,Check
Project Cars 2,Check,Check
Proteus,Check,Check
Pumped BMX+,Check,Check
Puppeteer,Check,Check
Pure Hold'em World Poker Championship,Check,Check
Pure Pool,Check,Check
Puzzle Agent,Check,Check
Q*Bert: Rebooted,Check,Check
Quantum Theory,Check,Check
R-Type Dimensions,Check,Check
Rad Rodgers,Check,Check
Rag Doll Kung Fu: Fists of Plastic (Single Player Only),Check,Check
Rage,Check,Check
Ragnarok Odyssey Ace,Check,Check
Raiden IV Overkill,Check,Check
Raiden V: Director’s Cut,Check,Check
Rain,Check,Check
Rainbow Moon,Check,Check
Rapala Fishing: Pro Series,Check,Check
Ratatouille,Check,Check
Ratchet & Clank: A Crack in Time,Check,Check
Ratchet & Clank: All 4 One,Check,Check
Ratchet & Clank: Full Frontal Assault,Check,Check
Ratchet & Clank: Into the Nexus,Check,Check
Ratchet & Clank: Quest for Booty,Check,Check
Real Farm,Check,Check
Realms of Ancient War,Check,Check
Rebel Galaxy,Check,Check
Record of Agarest War,Check,Check
Record of Agarest War 2,Check,Check
Record of Agarest War Zero,Check,Check
Red Dead Redemption,Check,Check
Red Dead Redemption: Undead Nightmare,Check,Check
Red Faction,Check,Check
Red Faction 2,Check,Check
Red Faction Battlegrounds,Check,Check
Red Faction: Guerilla,Check,Check
Red Faction Guerilla Re-MARS-tered,Check,Check
Red Johnson’s Chronicles: One Against All,Check,Check
Red Johson's Chronicles,Check,Check
Renegade Ops,Check,Check
Resident Evil 4,Check,Check
Resident Evil 5: Gold Edition,Check,Check
Resident Evil 6,Check,Check
Resident Evil Code Veronica X HD,Check,Check
Resident Evil Operation Raccoon City,Check,Check
Resident Evil Revelations,Check,Check
Resident Evil Revelations 2 Complete Season,Check,Check
Resident Evil: The Darkside Chronicles HD,Check,Check
Resident Evil: The Umbrella Chronicles HD,Check,Check
Resistance 3,Check,Check
Resogun,Check,Check
Retro City Rampage DX,Check,Check
Retrograde,Check,Check
Reus,Check,Check
Revenge of Shinobi,Check,Check
Ricochet HD,Check,Check
RIDE 3,Check,Check
Rise of the Argonauts,Check,Check
Risen 3: Titan Lords – Complete Edition,Check,Check
RIVE,Check,Check
Rocket Knight,Check,Check
Rocket League,Check,Check
Rocketbirds: Hardboiled Chicken,Check,Check
Rogue Galaxy,Check,Check
Rogue Stormers,Check,Check
Rogue Warrior,Check,Check
Romance of the Three Kingdoms 13 (new),Check,Check
Rotastic,Check,Check
Rugby 15,Check,Check
Rugby World Cup 2015,Check,Check
Rune Factory: Tides of Destiny,Check,Check
Sacred 3: Gold Edition,Check,Check
Sacred Citadel,Check,Check
Saints Row 2,Check,Check
Saints Row The Third,Check,Check
Saints Row IV,Check,Check
Saints Row IV: Re-Elected,Check,Check
Saints Row: Gat Out of Hell,Check,Check
Sam & Max The Devil's Playhouse,Check,Check
Sam & Max: Beyond Time and Space,Check,Check
Samurai Warriors 4,Check,Check
Savage Moon,Check,Check
Seasons After Fall,Check,Check
Sebastien Loeb Rally Evo,Check,Check
SEGA Bass Fishing,Check,Check
Shadow of the Beast,Check,Check
Shadow of the Colossus,Check,Check
Shadow of the Tomb Raider,Check,Check
Shadwen,Check,Check
Shatter,Check,Check
Sherlock Holmes: The Devil's Daughter,Check,Check
Shiness: The Lightning Kingdom,Check,Check
Sid Meier’s Civilization Revolution,Check,Check
Siegecraft Commander,Check,Check
Silent Hill HD Collection,Check,Check
Sine Mora EX,Check,Check
Siren,Check,Check
Siren: Blood Curse Episodes 1-12,Check,Check
Skullgirls Encore,Check,Check
Sky Dive: Proximity Flight,Check,Check
Sky Fighter,Check,Check
Skydrift,Check,Check
Skyscrappers,Check,Check
Slender: The Arrival,Check,Check
Slime-san Superslime Edition,Check,Check
Sly Cooper Collection,Check,Check
Sly Cooper: Thieves in Time,Check,Check
Smash Cars,Check,Check
Snakeball,Check,Check
Sniper Elite III,Check,Check
Sniper Elite 4,Check,Check
Sniper Elite V2,Check,Check
Sniper: Ghost Warrior,Check,Check
Sniper: Ghost Warrior 2,Check,Check
Soldner-X 2: Final Prototype,Check,Check
Soldner-X: Himmelssturmer,Check,Check
SOMA,Check,Check
Sonic Adventure,Check,Check
Sonic Adventure 2,Check,Check
Sonic CD,Check,Check
Sonic Generations,Check,Check
Sonic the Fighters,Check,Check
Sonic The Hedgehog 4 Episode I,Check,Check
Sonic The Hedgehog 4 Episode II,Check,Check
Sonic Unleashed,Check,Check
Soul Axiom,Check,Check
Sound Shapes,Check,Check
Space Ace,Check,Check
Sparkle 2,Check,Check
Sparkle Unleashed,Check,Check
Spec Ops: The Line,Check,Check
Spelunker HD,Check,Check
Spelunky,Check,Check
Split Second,Check,Check
Square Heroes,Check,Check
StarDrone,Check,Check
Starhawk,Check,Check
Star Raiders,Check,Check
Star Wars: Bounty Hunter,Check,Check
Star Wars: Jedi Starfighter,Check,Check
Star Wars: Racer Revenge,Check,Check
Star Wars The Force Unleashed – Ultimate Sith Edition,Check,Check
Star Wars The Force Unleashed 2,Check,Check
Starwhal,Check,Check
Stealth Inc: A Clone in the Dark,Check,Check
Steep,Check,Check
Stick it to the Man,Check,Check
Stikbold! A Dodgeball Adventure,Check,Check
Street Fighter 3 Third-Strike Online Edition,Check,Check
Strider,Check,Check
Strike Suit Zero: Director's Cut,Check,Check
Strong Bad's Cool Game for Attractive People,Check,Check
Styx: Shards of Darkness,Check,Check
Super Dungeon Bros,Check,Check
Super Hang-On,Check,Check
Super Mega Baseball,Check,Check
Super Puzzle Fighter II Turbo HD Remix,Check,Check
Super Stacker Party,Check,Check
Super Star Wars,Check,Check
Super Stardust HD,Check,Check
Super Street Fighter II Turbo HD Remix,Check,Check
Super Toy Cars,Check,Check
Surgeon Simulator,Check,Check
Syberia,Check,Check
Syberia II,Check,Check
Table Top Racing: World Tour,Check,Check
Tachyon Project,Check,Check
Tales from Space: About a Blob,Check,Check
Tales from Space: Mutant Blobs Attack,Check,Check
Tales of Zestiria,Check,Check
Tearaway Unfolded,Check,Check
Technomancer,Check,Check
Tekken 7,Check,Check
Tekken Tag Tournament 2,Check,Check
Tennis in the Face,Check,Check
Terraria,Check,Check
Tetraminos,Check,Check
The Awakened Fate Ultimatum,Check,Check
THE BACONING,Check,Check
The Book of Unwritten Tales 2,Check,Check
The Bug Butcher,Check,Check
The Darkness,Check,Check
The Darkness 2,Check,Check
The Deer God,Check,Check
The Dwarves,Check,Check
The Elder Scrolls IV: Oblivion GOTY Edition,Check,Check
The Elder Scrolls Online,Check,Check
The Evil Within,Check,Check
The Evil Within 2,Check,Check
The Final Station,Check,Check
The Golf Club 2019 Featuring PGA Tour,Check,Check
The Guided Fate Paradox,Check,Check
The House of the Dead 3,Check,Check
The House of the Dead 4,Check,Check
The House of the Dead Overkill Extended Cut,Check,Check
The King of Fighters XIII,Check,Check
The Keeper of 4 Elements,Check,Check
The Last Blade 2,Check,Check
The Last Guy,Check,Check
The Last of Us,Check,Check
The Last of Us: Left Behind,Check,Check
The Legend of Heroes: Trails of Cold Steel,Check,Check
The Legend of Heroes: Trails of Cold Steel II,Check,Check
The LEGO Movie Videogame,Check,Check
The Metronomicon: Slay the Dance Floor,Check,Check
The Raven Remastered,Check,Check
The Raven: Legacy of a Master Thief,Check,Check
The Spectrum Retreat,Check,Check
The Surge,Check,Check
The Swapper,Check,Check
The Swindle,Check,Check
The Treasures of Montezuma 4,Check,Check
The UnderGarden™,Check,Check
The Unfinished Swan,Check,Check
The Vanishing of Ethan Carter,Check,Check
The Witch and the Hundred Knight: Revival Edition,Check,Check
The Wolf Among Us,Check,Check
This is the Police,Check,Check
This War of Mine: The Little Ones,Check,Check
Thomas was Alone,Check,Check
Thunder Wolves,Check,Check
Tiny Brains,Check,Check
Titan Attacks!,Check,Check
Titan Quest,Check,Check
Tokyo Jungle,Check,Check
Tokyo Twilight Ghost Hunters Daybreak Edition,Check,Check
Tom Clancy's Rainbow Six Siege,Check,Check
Torment: Tides of Numenera,Check,Check
Touhou: Scarlet Curiosity,Check,Check
Touhou Genso Rondo: Bullet Ballet,Check,Check
Toukiden 2 (new),Check,Check
Toukiden: Kiwami (new),Check,Check
Tour de France 2015,Check,Check
Tour de France 2016,Check,Check
Toy Home,Check,Check
Toy Story Mania,Check,Check
Toybox Turbos,Check,Check
Trash Panic,Check,Check
Tricky Towers,Check,Check
Trine,Check,Check
Trinity: Souls of Zill O'll,Check,Check
TRON: Evolution,Check,Check
TRON RUN/r,Check,Check
Tropico 5,Check,Check
Truck Racer,Check,Check
Twisted Metal,Check,Check
Ultra Street Fighter IV,Check,Check
Umbrella Corps,Check,Check
Uncharted 2: Among Thieves,Check,Check
Uncharted 3: Drake's Deception - Game of the Year Edition,Check,Check
Uncharted: Drake’s Fortune,Check,Check
Under Night In-Birth Exe:Late,Check,Check
Until Dawn,Check,Check
Urban Trial FreeStyle,Check,Check
Valkyria Chronicles Remastered,Check,Check
Vampyr,Check,Check
Vegas Party,Check,Check
Velocibox,Check,Check
Velocity 2X,Check,Check
Velocity Ultra,Check,Check
Vessel,Check,Check
Vikings: Wolves of Midgard,Check,Check
Virtua Fighter 2,Check,Check
Virtua Fighter 5: Final Showdown,Check,Check
Voodoo Chronicles: The First Sign,Check,Check
Wakeboarding HD,Check,Check
Warlords,Check,Check
Warriors All-Stars (new),Check,Check
Warriors: Legends of Troy,Check,Check
Warriors Orochi 3,Check,Check
Wasteland 2: Director's Cut,Check,Check
Way of the Samurai 3,Check,Check
Way of the Samurai 4,Check,Check
Wet,Check,Check
When Vikings Attack,Check,Check
Whispering Willows,Check,Check
White Knight Chronicles,Check,Check
Wild ARMs 3,Check,Check
Wild Guns Reloaded,Check,Check
Wizardry: Labyrinth of Lost Souls,Check,Check
Wolfenstein The New Order,Check,Check
Wolfenstein The Old Blood,Check,Check
Wolfenstein II: The New Colossus,Check,Check
World to the West,Check,Check
WRC 4: FIA World Rally Championship,Check,Check
WRC 5: FIA World Rally Championship,Check,Check
Wuppo,Check,Check
WWE 2K16,Check,Check
WWE 2K18,Check,Check
XBLAZE Code: Embryo,Check,Check
XCOM: Enemy Within,Check,Check
XCOM 2,Check,Check
Yaiba: Ninja Gaiden Z,Check,Check
Yakuza 4,Check,Check
Yakuza 5,Check,Check
Zack Zero,Check,Check
Zen Pinball 2: Zen Pinball Classics,Check,Check
Zeno Clash II,Check,Check
Ziggurat,Check,Check
Zombie Vikings,Check,Check
Zombie Tycoon II: Brainhov's Revenge,Check,Check
Zotrix,Check,Check
